,balance,total_trades,wins,losses,win_rate,total_net_pnl,total_gross_pnl,total_costs,avg_net_pnl,return_pct
News Straddle,56654.372419227286,28,19,9,67.85714285714286,6761.630107397312,6863.324851590957,101.6947441936443,241.486789549904,13.308744838454567
HETM Directional,50000.0,0,0,0,0.0,0.0,0.0,0.0,0.0,0.0
Hybrid,58021.5482731136,31,21,10,67.74193548387096,8297.882997782814,8565.7881733365,267.9051755536869,267.6736450897682,16.043096546227197
